{
  "test_id": "test_20250604_161443",
  "timestamp": "2025-06-04T16:15:13.338918",
  "timing_breakdown": {
    "initialization": 0.7402393817901611,
    "preprocessing": 0.005972146987915039,
    "structured_analysis": 30.337069749832153,
    "total_processing": 31.083333253860474,
    "results_processing": 4.76837158203125e-07
  },
  "performance_metrics": {
    "regions_detected": 9,
    "analysis_time_seconds": 30.337069749832153,
    "total_time_seconds": 31.083333253860474,
    "regions_per_second": 0.2966667537180249,
    "average_confidence": 0.9733333333333333
  }
}